First Name,Last Name,Job Title,Office Phone,Email Address,Description,OU
Paweł,Wolski,Kierownik handlowy,123456789,p.wolski@test.pl,Kierownik handlowy,"OU=Kierownictwo,DC=test,DC=local"
Michał,Koziol,Kierownik działu technicznego,456321987,m.koziol@test.pl,Kierownik działu technicznego,"OU=Kierownictwo,DC=test,DC=local"
Michał,Kowalczyk,Pracownik działu technicznego,987654321,m.kowalczyk@test.pl,Pracownik działu technicznego,"OU=Pracownicy,DC=test,DC=local" 
Aleksander,Czerski,Handlowiec,456789321,a.czerski@test.pl,Handlowiec,"OU=Pracownicy,DC=test,DC=local"
